{"Jadx": {"total": 79.46962571144104}, "Conductor": {"total": 74.45627355575562}, "LottieAndroid": {"total": 123.96364426612854}, "Retrofit": {"total": 108.10526394844055}, "Mockito": {"total": 91.41766715049744}, "LibGdx": {"total": 230.8068985939026}, "EventBus": {"total": 78.29446339607239}, "NullAway": {"total": 79.76998448371887}, "MPAndroid": {"total": 510.92143535614014}, "PhotoView": {"total": 233.7720844745636}, "SpringBoot": {"total": 22490.501297712326}, "Zuul": {"total": 62.16723823547363}, "Gson": {"total": 33.27728486061096}, "LitiEngine": {"total": 53.15778470039368}}