{"Zuul": {"total": 62.16723823547363}, "Gson": {"total": 33.27728486061096}, "Retrofit": {"total": 108.10526394844055}, "Mockito": {"total": 109.73861885070801}, "NullAway": {"total": 80.1074800491333}, "PhotoView": {"total": 155.81166458129883}, "LibGdx": {"total": 230.8068985939026}, "Conductor": {"total": 82.15478849411011}, "SpringBoot": {"total": 22490.501297712326}, "LitiEngine": {"total": 61.705493211746216}, "EventBus": {"total": 78.29446339607239}, "LottieAndroid": {"total": 123.96364426612854}, "Jadx": {"total": 79.46962571144104}, "MPAndroid": {"total": 95.6389102935791}}