{"Conductor": {"total": 2686.539218902588}, "Mockito": {"total": 1236.7515897750854}, "NullAway": {"total": 79.76998448371887}, "LottieAndroid": {"total": 3305.0944266319275}, "LitiEngine": {"total": 10889.917938232422}, "Jadx": {"total": 11636.634637117386}, "Zuul": {"total": 1874.3748815059662}, "Retrofit": {"total": 144.8403103351593}, "SpringBoot": {"total": 22490.501297712326}, "MPAndroid": {"total": 447.00187492370605}, "LibGdx": {"total": 31.988579988479614}, "PhotoView": {"total": 108.67391109466553}, "EventBus": {"total": 354.30656027793884}, "Gson": {"total": 485.19562125205994}}