{"Zuul": {"total": 62.16723823547363}, "Gson": {"total": 33.27728486061096}, "Retrofit": {"total": 108.10526394844055}, "Mockito": {"total": 91.41766715049744}, "NullAway": {"total": 79.76998448371887}, "PhotoView": {"total": 155.81166458129883}, "LibGdx": {"total": 230.8068985939026}, "Conductor": {"total": 74.45627355575562}, "SpringBoot": {"total": 22490.501297712326}, "LitiEngine": {"total": 53.15778470039368}, "EventBus": {"total": 78.29446339607239}, "LottieAndroid": {"total": 123.96364426612854}, "Jadx": {"total": 79.46962571144104}, "MPAndroid": {"total": 95.6389102935791}}