{"EventBus": {"total": 450.53266501426697}, "Conductor": {"total": 4331.26168513298}, "Retrofit": {"total": 82.44941902160645}, "Gson": {"total": 1066.1428847312927}, "LibGdx": {"total": 62746.84176850319}, "Zuul": {"total": 1707.304707288742}, "LitiEngine": {"total": 14509.471459388733}, "Jadx": {"total": 7417.727598667145}, "SpringBoot": {"total": 22490.501297712326}, "NullAway": {"total": 649.1463537216187}, "LottieAndroid": {"total": 3440.8660876750946}}