{"Gson": {"total": 485.19562125205994, "2": 232.09829568862915, "0": 174.23733472824097, "8": 366.0658564567566, "10": 411.35101222991943, "6": 317.5318684577942, "9": 388.5201096534729, "5": 297.0321612358093, "1": 200.3757290840149, "7": 344.6890127658844, "4": 273.48898553848267, "3": 240.47966408729553}, "Retrofit": {"total": 144.8403103351593, "2": 65.01895260810852, "0": 66.55291652679443, "8": 62.136088132858276, "10": 62.61764717102051, "6": 62.4988329410553, "9": 61.76451325416565, "5": 62.64636468887329, "1": 64.4655179977417, "7": 62.743348121643066, "4": 62.967976331710815, "3": 62.75088691711426}, "Conductor": {"total": 2686.539218902588, "2": 606.9294946193695, "0": 513.5619370937347, "8": 831.1369965076447, "10": 897.7542235851288, "6": 756.0569338798523, "9": 864.573474407196, "5": 712.9262065887451, "1": 555.6687359809875, "7": 791.3530550003052, "4": 676.0366749763489, "3": 639.791200876236}, "Zuul": {"total": 1874.3748815059662, "2": 356.4466812610626, "0": 285.3533718585968, "8": 578.995591878891, "10": 649.4159650802612, "6": 505.26389336586, "9": 616.5265157222748, "5": 466.9473087787628, "1": 320.2202305793762, "7": 541.923565864563, "4": 432.88332748413086, "3": 394.91808438301086}, "MPAndroid": {"total": 447.00187492370605, "2": 528.8060176372528, "0": 5.412101745605469e-05, "8": 1111.5568525791168, "10": 1288.6735682487488, "6": 4.410743713378906e-05, "9": 1190.6544358730316, "5": 3.147125244140625e-05, "1": 4.2438507080078125e-05, "7": 3.24249267578125e-05, "4": 707.2979099750519, "3": 3.24249267578125e-05}, "LitiEngine": {"total": 10889.917938232422, "2": 999.6517720222473, "0": 722.4342465400696, "8": 1796.7688620090485, "10": 2065.3033118247986, "6": 1533.1448464393616, "9": 1913.4285645484924, "5": 1379.9615116119385, "1": 854.5983016490936, "7": 1683.4813363552094, "4": 1260.6454875469208, "3": 1131.608847618103}, "LottieAndroid": {"total": 3305.0944266319275, "2": 57.12700390815735, "2": 61.4615797996521, "7": 61.05311107635498, "8": 62.124966621398926, "10": 61.45451760292053, "6": 60.87000489234924, "4": 60.746058225631714, "5": 60.621532917022705, "1": 61.89415192604065, "0": 63.93633794784546, "9": 61.20343494415283, "3": 61.57592797279358}, "Jadx": {"total": 11636.634637117386, "2": 1017.6749844551086, "0": 1017.9850687980652, "8": 1041.3022139072418, "10": 1030.8173007965088, "6": 1017.3653841018677, "9": 1025.5255444049835, "5": 1018.1540393829346, "1": 1021.6744072437286, "7": 1033.8856348991394, "4": 1011.9573602676392, "3": 1015.1716747283936}, "LibGdx": {"total": 7820.878571033478, "2": 3141.788741827011, "0": 2110.53817653656, "8": 6204.772994995117, "10": 7023.373491764069, "6": 5076.228592634201, "9": 6491.341153860092, "5": 4553.311140298843, "1": 2627.210199356079, "7": 5761.141471624374, "4": 4053.6234180927277, "3": 3577.42365527153}, "EventBus": {"total": 354.30656027793884, "2": 142.12593293190002, "0": 117.92332172393799, "8": 192.46907949447632, "10": 211.13072538375854, "6": 172.57776761054993, "9": 199.11038637161255, "5": 165.57939887046814, "1": 129.54735231399536, "7": 185.3223786354065, "4": 167.050288438797, "3": 150.1124074459076}, "Mockito": {"total": 1236.7515897750854, "2": 864.232664346695, "0": 619.9464120864868, "8": 1312.5366563796997, "10": 1455.0234246253967, "6": 1175.2592730522156, "9": 1389.8795292377472, "5": 1117.0695514678955, "1": 727.5289678573608, "7": 1240.5156953334808, "4": 1037.8935067653656, "3": 953.7031013965607}, "SpringBoot": {"total": 22490.501297712326, "2": 33.26284384727478, "7": 31.77645182609558, "8": 1686.109878540039, "10": 1947.7883443832397, "6": 32.410569190979004, "9": 32.74303889274597, "5": 32.44095063209534, "1": 33.367486238479614, "0": 35.14577865600586, "4": 1308.0279893875122, "3": 1226.9675314426422}, "NullAway": {"total": 79.76998448371887}, "PhotoView": {"total": 108.67391109466553, "2": 68.04006171226501, "0": 63.5311713218689, "8": 90.23028016090393, "10": 97.38700366020203, "6": 83.1725971698761, "9": 93.32119011878967, "5": 79.97638988494873, "1": 64.79426908493042, "7": 86.5264503955841, "4": 78.09228610992432, "3": 72.96067762374878}}