{"MPAndroid": {"0": 2.5033950805664062e-05, "1": 4.076957702636719e-05, "2": 3.24249267578125e-05, "3": 3.910064697265625e-05, "total": 447.00187492370605}, "PhotoView": {"total": 108.67391109466553}, "LibGdx": {"total": 7820.878571033478}, "NullAway": {"total": 79.76998448371887}, "SpringBoot": {"total": 22490.501297712326}, "Zuul": {"total": 1874.3748815059662}, "LitiEngine": {"total": 10889.917938232422}, "Jadx": {"total": 11636.634637117386}, "Retrofit": {"total": 144.8403103351593}, "LottieAndroid": {"total": 3305.0944266319275}, "EventBus": {"total": 354.30656027793884}, "Mockito": {"total": 1236.7515897750854}, "Conductor": {"total": 2686.539218902588}, "Gson": {"total": 485.19562125205994}}