{"Mockito": {"total": 1236.7515897750854}, "Jadx": {"total": 11636.634637117386}, "Gson": {"total": 485.19562125205994}, "LitiEngine": {"total": 10889.917938232422}, "NullAway": {"total": 79.76998448371887}, "LibGdx": {"total": 7820.878571033478}, "Conductor": {"total": 2686.539218902588}, "SpringBoot": {"total": 22490.501297712326}, "Zuul": {"total": 1874.3748815059662}, "Retrofit": {"total": 144.8403103351593}, "LottieAndroid": {"total": 3305.0944266319275}, "PhotoView": {"total": 108.67391109466553}, "MPAndroid": {"7": 0.0001423358917236328, "6": 4.410743713378906e-05, "4": 3.337860107421875e-05, "total": 447.00187492370605, "9": 3.409385681152344e-05, "7": 0.00010561943054199219, "5": 3.147125244140625e-05, "1": 4.2438507080078125e-05, "2": 3.1948089599609375e-05, "3": 3.24249267578125e-05, "10": 7.200241088867188e-05, "0": 5.412101745605469e-05, "8": 3.147125244140625e-05}, "EventBus": {"total": 354.30656027793884}}