{"Mockito": {"total": 109.73861885070801}, "LibGdx": {"total": 230.8068985939026}, "PhotoView": {"total": 161.3030767440796}, "Zuul": {"total": 62.16723823547363}, "Jadx": {"total": 79.46962571144104}, "Retrofit": {"total": 108.10526394844055}, "SpringBoot": {"total": 22490.501297712326}, "EventBus": {"total": 78.29446339607239}, "LottieAndroid": {"total": 123.96364426612854}, "NullAway": {"total": 80.1074800491333}, "Conductor": {"total": 82.15478849411011}, "Gson": {"total": 33.27728486061096}, "LitiEngine": {"total": 61.705493211746216}, "MPAndroid": {"total": 85.42947697639465}}