{"MPAndroid": {"10": 4.863739013671875e-05, "2": 8.606910705566406e-05, "4": 6.318092346191406e-05, "9": 3.218650817871094e-05, "6": 0.000354766845703125, "5": 2.8133392333984375e-05, "total": 447.00187492370605, "8": 2.8848648071289062e-05, "7": 0.00012421607971191406, "1": 4.2438507080078125e-05, "3": 3.910064697265625e-05, "7": 3.0279159545898438e-05, "0": 5.412101745605469e-05}, "SpringBoot": {"total": 22490.501297712326}, "EventBus": {"total": 354.30656027793884}, "LibGdx": {"total": 7820.878571033478}, "Mockito": {"total": 1236.7515897750854}, "Conductor": {"total": 2686.539218902588}, "Retrofit": {"total": 144.8403103351593}, "Gson": {"total": 485.19562125205994}, "LitiEngine": {"total": 10889.917938232422}, "PhotoView": {"total": 108.67391109466553}, "Zuul": {"total": 1874.3748815059662}, "LottieAndroid": {"total": 3305.0944266319275}, "NullAway": {"total": 79.76998448371887}, "Jadx": {"total": 11636.634637117386}}