{"LitiEngine": {"total": 10889.917938232422}, "Zuul": {"total": 1874.3748815059662}, "PhotoView": {"total": 108.67391109466553}, "LibGdx": {"total": 7820.878571033478}, "Conductor": {"total": 2686.539218902588}, "LottieAndroid": {"total": 3305.0944266319275}, "EventBus": {"total": 354.30656027793884}, "SpringBoot": {"total": 22490.501297712326}, "MPAndroid": {"5": 2.8133392333984375e-05, "total": 447.00187492370605, "9": 3.218650817871094e-05, "8": 3.2901763916015625e-05, "7": 4.267692565917969e-05, "3": 3.910064697265625e-05, "0": 5.412101745605469e-05, "2": 3.695487976074219e-05, "6": 0.000354766845703125, "4": 4.601478576660156e-05, "2": 3.1948089599609375e-05, "10": 3.0994415283203125e-05, "1": 4.2438507080078125e-05}, "Mockito": {"total": 1236.7515897750854}, "Gson": {"total": 485.19562125205994}, "Jadx": {"total": 11636.634637117386}, "Retrofit": {"total": 144.8403103351593}, "NullAway": {"total": 79.76998448371887}}