{"Mockito": {"3": 953.7031013965607, "10": 1455.0234246253967, "8": 1312.5366563796997, "4": 1037.8935067653656, "2": 864.232664346695, "6": 1175.2592730522156, "9": 1389.8795292377472, "total": 1236.7515897750854, "0": 619.9464120864868, "1": 727.5289678573608, "5": 1117.0695514678955, "7": 1240.5156953334808}, "Gson": {"3": 240.47966408729553, "10": 411.35101222991943, "8": 366.0658564567566, "4": 273.48898553848267, "2": 232.09829568862915, "6": 317.5318684577942, "9": 388.5201096534729, "total": 485.19562125205994, "0": 174.23733472824097, "1": 200.3757290840149, "5": 297.0321612358093, "7": 344.6890127658844}, "Conductor": {"3": 639.791200876236, "10": 897.7542235851288, "8": 831.1369965076447, "4": 676.0366749763489, "2": 606.9294946193695, "6": 756.0569338798523, "9": 864.573474407196, "total": 2686.539218902588, "0": 513.5619370937347, "1": 555.6687359809875, "5": 712.9262065887451, "7": 791.3530550003052}, "EventBus": {"3": 150.1124074459076, "10": 211.13072538375854, "8": 192.46907949447632, "4": 167.050288438797, "2": 142.12593293190002, "6": 172.57776761054993, "9": 199.11038637161255, "total": 354.30656027793884, "0": 117.92332172393799, "1": 129.54735231399536, "5": 165.57939887046814, "7": 185.3223786354065}, "NullAway": {"total": 79.76998448371887}, "LottieAndroid": {"3": 61.57592797279358, "10": 61.45451760292053, "8": 62.124966621398926, "4": 60.746058225631714, "2": 61.4615797996521, "6": 60.87000489234924, "9": 61.20343494415283, "total": 3305.0944266319275, "0": 63.93633794784546, "1": 61.89415192604065, "5": 60.621532917022705, "7": 61.05311107635498}, "Zuul": {"3": 394.91808438301086, "10": 649.4159650802612, "8": 578.995591878891, "4": 432.88332748413086, "2": 356.4466812610626, "6": 505.26389336586, "9": 616.5265157222748, "total": 1874.3748815059662, "0": 285.3533718585968, "1": 320.2202305793762, "5": 466.9473087787628, "7": 541.923565864563}, "Jadx": {"3": 1015.1716747283936, "10": 1030.8173007965088, "8": 1041.3022139072418, "4": 1011.9573602676392, "2": 1017.6749844551086, "6": 1017.3653841018677, "9": 1025.5255444049835, "total": 11636.634637117386, "0": 1017.9850687980652, "1": 1021.6744072437286, "5": 1018.1540393829346, "7": 1033.8856348991394}, "LibGdx": {"3": 3577.42365527153, "10": 7023.373491764069, "8": 6204.772994995117, "4": 4053.6234180927277, "2": 3141.788741827011, "6": 5076.228592634201, "9": 6491.341153860092, "total": 7820.878571033478, "0": 2110.53817653656, "1": 2627.210199356079, "5": 4553.311140298843, "7": 5761.141471624374}, "PhotoView": {"3": 72.96067762374878, "10": 97.38700366020203, "8": 90.23028016090393, "4": 78.09228610992432, "2": 68.04006171226501, "6": 83.1725971698761, "9": 93.32119011878967, "total": 108.67391109466553, "0": 63.5311713218689, "1": 64.79426908493042, "5": 79.97638988494873, "7": 86.5264503955841}, "Retrofit": {"3": 62.75088691711426, "10": 62.61764717102051, "8": 62.136088132858276, "4": 62.967976331710815, "2": 65.01895260810852, "6": 62.4988329410553, "9": 61.76451325416565, "total": 144.8403103351593, "0": 66.55291652679443, "1": 64.4655179977417, "5": 62.64636468887329, "7": 62.743348121643066}, "LitiEngine": {"3": 1131.608847618103, "10": 2065.3033118247986, "8": 1796.7688620090485, "4": 1260.6454875469208, "2": 999.6517720222473, "6": 1533.1448464393616, "9": 1913.4285645484924, "total": 10889.917938232422, "0": 722.4342465400696, "1": 854.5983016490936, "5": 1379.9615116119385, "7": 1683.4813363552094}, "MPAndroid": {"3": 3.24249267578125e-05, "10": 1288.6735682487488, "8": 1111.5568525791168, "4": 707.2979099750519, "2": 528.8060176372528, "6": 4.410743713378906e-05, "9": 1190.6544358730316, "total": 447.00187492370605, "0": 5.412101745605469e-05, "1": 4.2438507080078125e-05, "5": 3.147125244140625e-05, "7": 3.24249267578125e-05}, "SpringBoot": {"3": 1226.9675314426422, "10": 32.48339295387268, "8": 1686.109878540039, "7": 31.77645182609558, "2": 33.26284384727478, "6": 32.410569190979004, "9": 1809.675003528595, "9": 32.74303889274597, "total": 22490.501297712326, "0": 35.14577865600586, "1": 33.367486238479614, "5": 32.44095063209534, "4": 1308.0279893875122}}