{"Jadx": {"total": 11054.596206188202}, "Conductor": {"total": 2668.9406731128693}, "LottieAndroid": {"total": 3222.278466463089}, "Retrofit": {"total": 108.10526394844055}, "Mockito": {"total": 1266.0524051189423}, "EventBus": {"total": 375.35053753852844}, "LibGdx": {"total": 230.8068985939026}, "Gson": {"total": 483.3470582962036}, "NullAway": {"total": 79.76998448371887}, "PhotoView": {"total": 233.7720844745636}, "SpringBoot": {"total": 22490.501297712326}, "Zuul": {"total": 1768.6297478675842}, "MPAndroid": {"total": 510.92143535614014}, "LitiEngine": {"total": 10815.624165773392}}