{"Mockito": {"total": 109.73861885070801}, "PhotoView": {"total": 161.3030767440796}, "Retrofit": {"total": 82.44941902160645}, "EventBus": {"total": 450.53266501426697}, "MPAndroid": {"total": 85.42947697639465}, "SpringBoot": {"total": 22490.501297712326}, "LitiEngine": {"total": 14509.471459388733}, "LibGdx": {"total": 62746.84176850319}, "LottieAndroid": {"total": 3440.8660876750946}, "NullAway": {"total": 649.1463537216187}, "Conductor": {"total": 82.15478849411011}, "Gson": {"total": 1066.1428847312927}, "Jadx": {"total": 7417.727598667145}, "Zuul": {"total": 1707.304707288742}}