{"SpringBoot": {"total": 22490.501297712326}, "LitiEngine": {"total": 10889.917938232422}, "Retrofit": {"total": 144.8403103351593}, "Jadx": {"total": 11636.634637117386}, "Mockito": {"total": 1236.7515897750854}, "LibGdx": {"total": 7820.878571033478}, "NullAway": {"total": 79.76998448371887}, "PhotoView": {"total": 108.67391109466553}, "MPAndroid": {"7": 3.0040740966796875e-05, "2": 8.606910705566406e-05, "0": 2.4318695068359375e-05, "3": 3.910064697265625e-05, "total": 447.00187492370605, "7": 2.956390380859375e-05, "6": 0.00014781951904296875, "4": 3.719329833984375e-05, "5": 2.9325485229492188e-05, "10": 9.655952453613281e-05, "9": 3.0279159545898438e-05, "8": 7.176399230957031e-05, "1": 4.076957702636719e-05}, "Zuul": {"total": 1874.3748815059662}, "Conductor": {"total": 2686.539218902588}, "Gson": {"total": 485.19562125205994}, "EventBus": {"total": 354.30656027793884}, "LottieAndroid": {"total": 3305.0944266319275}}