{
    "LibGdx": {
        "total": 7820.878571033478
    },
    "Retrofit": {
        "total": 144.8403103351593
    },
    "EventBus": {
        "total": 354.30656027793884
    },
    "Gson": {
        "total": 485.19562125205994
    },
    "Jadx": {
        "total": 11636.634637117386
    },
    "Zuul": {
        "total": 1874.3748815059662
    },
    "SpringBoot": {
        "total": 22490.501297712326
    },
    "Conductor": {
        "total": 2686.539218902588
    },
    "MPAndroid": {
        "4": 707.2979099750519,
        "2": 528.8060176372528,
        "9": 1190.6544358730316,
        "10": 1288.6735682487488,
        "total": 447.00187492370605,
        "8": 1111.5568525791168,
        "7": 3.24249267578125e-05,
        "6": 4.410743713378906e-05,
        "1": 4.2438507080078125e-05,
        "0": 5.412101745605469e-05,
        "3": 3.24249267578125e-05,
        "5": 3.147125244140625e-05
    },
    "LitiEngine": {
        "total": 10889.917938232422
    },
    "NullAway": {
        "total": 79.76998448371887
    },
    "LottieAndroid": {
        "total": 3305.0944266319275
    },
    "Mockito": {
        "total": 1236.7515897750854
    },
    "PhotoView": {
        "total": 108.67391109466553
    }
}