{"Conductor": {"3": 639.791200876236, "8": 831.1369965076447, "0": 513.5619370937347, "4": 676.0366749763489, "total": 2686.539218902588, "6": 756.0569338798523, "1": 555.6687359809875, "2": 606.9294946193695, "10": 897.7542235851288, "5": 712.9262065887451, "7": 791.3530550003052, "9": 864.573474407196}, "LottieAndroid": {"3": 53.36210775375366, "8": 62.124966621398926, "0": 63.93633794784546, "6": 56.48180603981018, "4": 56.21881127357483, "total": 3305.0944266319275, "6": 60.87000489234924, "1": 54.76733088493347, "2": 61.4615797996521, "10": 54.778828382492065, "5": 53.73012924194336, "7": 54.84246277809143, "9": 54.159892559051514}, "PhotoView": {"3": 72.96067762374878, "8": 90.23028016090393, "0": 63.5311713218689, "4": 78.09228610992432, "total": 108.67391109466553, "6": 83.1725971698761, "1": 64.79426908493042, "2": 68.04006171226501, "10": 97.38700366020203, "5": 79.97638988494873, "7": 86.5264503955841, "9": 93.32119011878967}, "SpringBoot": {"3": 1226.9675314426422, "8": 1686.109878540039, "0": 35.14577865600586, "4": 1308.0279893875122, "total": 22490.501297712326, "6": 32.410569190979004, "1": 33.367486238479614, "2": 33.26284384727478, "10": 1947.7883443832397, "5": 32.44095063209534, "7": 31.77645182609558, "9": 32.74303889274597}, "Retrofit": {"3": 62.75088691711426, "8": 62.136088132858276, "0": 66.55291652679443, "4": 62.967976331710815, "total": 144.8403103351593, "6": 62.4988329410553, "1": 64.4655179977417, "2": 65.01895260810852, "10": 62.61764717102051, "5": 62.64636468887329, "7": 62.743348121643066, "9": 61.76451325416565}, "EventBus": {"3": 150.1124074459076, "8": 192.46907949447632, "0": 117.92332172393799, "4": 167.050288438797, "total": 354.30656027793884, "6": 172.57776761054993, "1": 129.54735231399536, "2": 142.12593293190002, "10": 211.13072538375854, "5": 165.57939887046814, "7": 185.3223786354065, "9": 199.11038637161255}, "Mockito": {"3": 953.7031013965607, "8": 1312.5366563796997, "0": 619.9464120864868, "4": 1037.8935067653656, "total": 1236.7515897750854, "6": 1175.2592730522156, "1": 727.5289678573608, "2": 864.232664346695, "10": 1455.0234246253967, "5": 1117.0695514678955, "7": 1240.5156953334808, "9": 1389.8795292377472}, "Zuul": {"3": 394.91808438301086, "8": 578.995591878891, "0": 285.3533718585968, "4": 432.88332748413086, "total": 1874.3748815059662, "6": 505.26389336586, "1": 320.2202305793762, "2": 356.4466812610626, "10": 649.4159650802612, "5": 466.9473087787628, "7": 541.923565864563, "9": 616.5265157222748}, "NullAway": {"total": 79.76998448371887}, "LitiEngine": {"3": 1131.608847618103, "8": 1796.7688620090485, "0": 722.4342465400696, "4": 1260.6454875469208, "total": 10889.917938232422, "6": 1533.1448464393616, "1": 854.5983016490936, "2": 999.6517720222473, "10": 2065.3033118247986, "5": 1379.9615116119385, "7": 1683.4813363552094, "9": 1913.4285645484924}, "LibGdx": {"3": 3577.42365527153, "8": 6204.772994995117, "0": 2110.53817653656, "4": 4053.6234180927277, "total": 7820.878571033478, "6": 5076.228592634201, "1": 2627.210199356079, "2": 3141.788741827011, "10": 7023.373491764069, "5": 4553.311140298843, "7": 5761.141471624374, "9": 6491.341153860092}, "MPAndroid": {"3": 3.24249267578125e-05, "8": 1111.5568525791168, "0": 5.412101745605469e-05, "4": 707.2979099750519, "total": 447.00187492370605, "6": 4.410743713378906e-05, "1": 4.2438507080078125e-05, "2": 528.8060176372528, "10": 1288.6735682487488, "5": 3.147125244140625e-05, "7": 3.24249267578125e-05, "9": 1190.6544358730316}, "Gson": {"3": 240.47966408729553, "8": 366.0658564567566, "0": 174.23733472824097, "4": 273.48898553848267, "total": 485.19562125205994, "6": 317.5318684577942, "1": 200.3757290840149, "2": 232.09829568862915, "10": 411.35101222991943, "5": 297.0321612358093, "7": 344.6890127658844, "9": 388.5201096534729}, "Jadx": {"3": 1015.1716747283936, "8": 1041.3022139072418, "0": 1017.9850687980652, "4": 1011.9573602676392, "total": 11636.634637117386, "6": 1017.3653841018677, "1": 1021.6744072437286, "2": 1017.6749844551086, "10": 1030.8173007965088, "5": 1018.1540393829346, "7": 1033.8856348991394, "9": 1025.5255444049835}}