{"Conductor": {"total": 2686.539218902588}, "NullAway": {"total": 79.76998448371887}, "LitiEngine": {"total": 10889.917938232422}, "LottieAndroid": {"total": 3305.0944266319275}, "Mockito": {"total": 1236.7515897750854}, "MPAndroid": {"0": 2.5033950805664062e-05, "1": 4.076957702636719e-05, "total": 447.00187492370605, "8": 7.295608520507812e-05, "6": 7.081031799316406e-05, "10": 9.655952453613281e-05, "4": 3.719329833984375e-05, "3": 3.910064697265625e-05, "8": 7.176399230957031e-05, "9": 3.0279159545898438e-05, "5": 2.9325485229492188e-05, "2": 3.24249267578125e-05, "7": 3.0040740966796875e-05}, "LibGdx": {"total": 7820.878571033478}, "Jadx": {"total": 11636.634637117386}, "PhotoView": {"total": 108.67391109466553}, "Zuul": {"total": 1874.3748815059662}, "Retrofit": {"total": 144.8403103351593}, "SpringBoot": {"total": 22490.501297712326}, "EventBus": {"total": 354.30656027793884}, "Gson": {"total": 485.19562125205994}}