{"LibGdx": {"total": 1453.0890395641327}, "NullAway": {"total": 79.76998448371887}, "EventBus": {"total": 375.35053753852844}, "MPAndroid": {"total": 447.00187492370605}, "Conductor": {"total": 2686.539218902588}, "Mockito": {"total": 1236.7515897750854}, "Jadx": {"total": 11054.596206188202}, "LitiEngine": {"total": 10815.624165773392}, "Zuul": {"total": 1768.6297478675842}, "LottieAndroid": {"total": 3222.278466463089}, "Gson": {"total": 483.3470582962036}, "PhotoView": {"total": 108.67391109466553}, "SpringBoot": {"total": 22490.501297712326}, "Retrofit": {"total": 201.14992952346802}}