{"Zuul": {"total": 1874.3748815059662}, "Mockito": {"total": 1236.7515897750854}, "SpringBoot": {"total": 22490.501297712326}, "Jadx": {"total": 11636.634637117386}, "Conductor": {"total": 2686.539218902588}, "PhotoView": {"total": 108.67391109466553}, "EventBus": {"total": 354.30656027793884}, "NullAway": {"total": 79.76998448371887}, "LitiEngine": {"total": 10889.917938232422}, "Gson": {"total": 485.19562125205994}, "MPAndroid": {"total": 447.00187492370605, "7": 4.267692565917969e-05, "2": 3.1948089599609375e-05, "4": 4.0531158447265625e-05, "10": 3.0994415283203125e-05, "8": 3.147125244140625e-05, "0": 5.412101745605469e-05, "6": 0.000354766845703125, "3": 0.00011777877807617188, "5": 3.147125244140625e-05, "4": 5.125999450683594e-05, "1": 4.2438507080078125e-05, "9": 3.409385681152344e-05}, "LibGdx": {"total": 7820.878571033478}, "Retrofit": {"total": 144.8403103351593}, "LottieAndroid": {"total": 3305.0944266319275}}