{"LibGdx": {"total": 1453.0890395641327}, "NullAway": {"total": 79.76998448371887}, "EventBus": {"total": 354.30656027793884}, "MPAndroid": {"total": 447.00187492370605}, "Conductor": {"total": 2686.539218902588}, "LitiEngine": {"total": 10889.917938232422}, "Jadx": {"total": 11054.596206188202}, "Mockito": {"total": 1236.7515897750854}, "Zuul": {"total": 1768.6297478675842}, "LottieAndroid": {"total": 3222.278466463089}, "Gson": {"total": 485.19562125205994}, "PhotoView": {"total": 108.67391109466553}, "SpringBoot": {"total": 22490.501297712326}, "Retrofit": {"total": 201.14992952346802}}