{"Mockito": {"7": 1240.5156953334808, "8": 1312.5366563796997, "9": 1389.8795292377472, "5": 1117.0695514678955, "3": 953.7031013965607, "4": 1037.8935067653656, "total": 1236.7515897750854, "6": 1175.2592730522156, "2": 864.232664346695, "0": 619.9464120864868, "10": 1455.0234246253967, "1": 727.5289678573608}, "SpringBoot": {"7": 31.77645182609558, "8": 1686.109878540039, "9": 32.74303889274597, "5": 32.44095063209534, "3": 1226.9675314426422, "4": 1308.0279893875122, "total": 22490.501297712326, "6": 32.410569190979004, "2": 33.26284384727478, "0": 35.14577865600586, "10": 1947.7883443832397, "1": 33.367486238479614}, "Gson": {"7": 344.6890127658844, "8": 366.0658564567566, "9": 388.5201096534729, "5": 297.0321612358093, "3": 240.47966408729553, "4": 273.48898553848267, "total": 485.19562125205994, "6": 317.5318684577942, "2": 232.09829568862915, "0": 174.23733472824097, "10": 411.35101222991943, "1": 200.3757290840149}, "Zuul": {"7": 541.923565864563, "8": 578.995591878891, "9": 616.5265157222748, "5": 466.9473087787628, "3": 394.91808438301086, "4": 432.88332748413086, "total": 1874.3748815059662, "6": 505.26389336586, "2": 356.4466812610626, "0": 285.3533718585968, "10": 649.4159650802612, "1": 320.2202305793762}, "Conductor": {"7": 791.3530550003052, "8": 831.1369965076447, "9": 864.573474407196, "5": 712.9262065887451, "3": 639.791200876236, "4": 676.0366749763489, "total": 2686.539218902588, "6": 756.0569338798523, "2": 606.9294946193695, "0": 513.5619370937347, "10": 897.7542235851288, "1": 555.6687359809875}, "LibGdx": {"7": 5761.141471624374, "8": 6204.772994995117, "9": 6491.341153860092, "5": 4553.311140298843, "3": 3577.42365527153, "4": 4053.6234180927277, "total": 7820.878571033478, "6": 5076.228592634201, "2": 3141.788741827011, "0": 2110.53817653656, "10": 7023.373491764069, "1": 2627.210199356079}, "Retrofit": {"7": 62.743348121643066, "8": 62.136088132858276, "9": 61.76451325416565, "5": 62.64636468887329, "3": 62.75088691711426, "4": 62.967976331710815, "total": 144.8403103351593, "6": 62.4988329410553, "2": 65.01895260810852, "0": 66.55291652679443, "10": 62.61764717102051, "1": 64.4655179977417}, "EventBus": {"7": 185.3223786354065, "8": 192.46907949447632, "9": 199.11038637161255, "5": 165.57939887046814, "3": 150.1124074459076, "4": 167.050288438797, "total": 354.30656027793884, "6": 172.57776761054993, "2": 142.12593293190002, "0": 117.92332172393799, "10": 211.13072538375854, "1": 129.54735231399536}, "LottieAndroid": {"7": 54.84246277809143, "total": 3305.0944266319275, "4": 53.14500069618225, "9": 54.159892559051514, "5": 53.73012924194336, "3": 53.36210775375366, "4": 56.21881127357483, "8": 53.565824031829834, "6": 60.87000489234924, "2": 61.4615797996521, "0": 63.93633794784546, "10": 54.778828382492065, "1": 54.76733088493347}, "Jadx": {"7": 1033.8856348991394, "8": 1041.3022139072418, "9": 1025.5255444049835, "5": 1018.1540393829346, "3": 1015.1716747283936, "4": 1011.9573602676392, "total": 11636.634637117386, "6": 1017.3653841018677, "2": 1017.6749844551086, "0": 1017.9850687980652, "10": 1030.8173007965088, "1": 1021.6744072437286}, "MPAndroid": {"7": 3.24249267578125e-05, "8": 1111.5568525791168, "9": 1190.6544358730316, "5": 3.147125244140625e-05, "3": 3.24249267578125e-05, "4": 707.2979099750519, "total": 447.00187492370605, "6": 4.410743713378906e-05, "2": 528.8060176372528, "0": 5.412101745605469e-05, "10": 1288.6735682487488, "1": 4.2438507080078125e-05}, "NullAway": {"total": 79.76998448371887}, "PhotoView": {"7": 86.5264503955841, "8": 90.23028016090393, "9": 93.32119011878967, "5": 79.97638988494873, "3": 72.96067762374878, "4": 78.09228610992432, "total": 108.67391109466553, "6": 83.1725971698761, "2": 68.04006171226501, "0": 63.5311713218689, "10": 97.38700366020203, "1": 64.79426908493042}, "LitiEngine": {"7": 1683.4813363552094, "8": 1796.7688620090485, "9": 1913.4285645484924, "5": 1379.9615116119385, "3": 1131.608847618103, "4": 1260.6454875469208, "total": 10889.917938232422, "6": 1533.1448464393616, "2": 999.6517720222473, "0": 722.4342465400696, "10": 2065.3033118247986, "1": 854.5983016490936}}