{"Jadx": {"total": 79.46962571144104}, "Conductor": {"total": 2668.9406731128693}, "LottieAndroid": {"total": 123.96364426612854}, "Retrofit": {"total": 108.10526394844055}, "Mockito": {"total": 1266.0524051189423}, "LibGdx": {"total": 230.8068985939026}, "Gson": {"total": 33.27728486061096}, "NullAway": {"total": 79.76998448371887}, "Zuul": {"total": 62.16723823547363}, "PhotoView": {"total": 233.7720844745636}, "SpringBoot": {"total": 22490.501297712326}, "EventBus": {"total": 78.29446339607239}, "MPAndroid": {"total": 510.92143535614014}, "LitiEngine": {"total": 10815.624165773392}}