{"Conductor": {"total": 2686.539218902588}, "LitiEngine": {"total": 10889.917938232422}, "MPAndroid": {"total": 447.00187492370605}, "Retrofit": {"total": 144.8403103351593}, "NullAway": {"total": 79.76998448371887}, "LibGdx": {"total": 31.95199942588806}, "LottieAndroid": {"total": 3305.0944266319275}, "EventBus": {"total": 354.30656027793884}, "Gson": {"total": 485.19562125205994}, "SpringBoot": {"total": 22490.501297712326}, "Mockito": {"total": 1236.7515897750854}, "Zuul": {"total": 1874.3748815059662}, "PhotoView": {"total": 108.67391109466553}, "Jadx": {"total": 11636.634637117386}}