{"LitiEngine": {"total": 10889.917938232422, "8": 1796.7688620090485, "10": 2065.3033118247986, "7": 1683.4813363552094, "0": 722.4342465400696, "5": 1379.9615116119385, "4": 1260.6454875469208, "3": 1131.608847618103, "2": 999.6517720222473, "1": 854.5983016490936, "9": 1913.4285645484924, "6": 1533.1448464393616}, "Retrofit": {"total": 144.8403103351593}, "Mockito": {"total": 1236.7515897750854, "8": 1312.5366563796997, "10": 1455.0234246253967, "7": 1240.5156953334808, "0": 619.9464120864868, "5": 1117.0695514678955, "4": 1037.8935067653656, "3": 953.7031013965607, "2": 864.232664346695, "1": 727.5289678573608, "9": 1389.8795292377472, "6": 1175.2592730522156}, "Zuul": {"total": 1874.3748815059662, "8": 578.995591878891, "10": 649.4159650802612, "7": 541.923565864563, "0": 285.3533718585968, "5": 466.9473087787628, "4": 432.88332748413086, "3": 394.91808438301086, "2": 356.4466812610626, "1": 320.2202305793762, "9": 616.5265157222748, "6": 505.26389336586}, "SpringBoot": {"total": 22490.501297712326, "8": 32.72861909866333, "10": 32.48339295387268, "7": 31.77645182609558, "0": 35.14577865600586, "5": 32.44095063209534, "4": 32.88767957687378, "3": 34.05721116065979, "2": 33.26284384727478, "1": 33.367486238479614, "9": 32.74303889274597, "6": 32.410569190979004}, "LibGdx": {"2": 3083.494626522064, "total": 7820.878571033478, "3": 3577.42365527153, "1": 2627.210199356079, "0": 2110.53817653656}, "LottieAndroid": {"total": 3305.0944266319275, "8": 62.124966621398926, "10": 61.45451760292053, "7": 61.05311107635498, "0": 63.93633794784546, "4": 60.746058225631714, "3": 61.57592797279358, "2": 61.4615797996521, "5": 60.621532917022705, "1": 61.89415192604065, "9": 61.20343494415283, "6": 60.87000489234924}, "MPAndroid": {"total": 447.00187492370605, "8": 1111.5568525791168, "10": 1288.6735682487488, "7": 3.24249267578125e-05, "0": 5.412101745605469e-05, "4": 707.2979099750519, "3": 3.24249267578125e-05, "2": 528.8060176372528, "5": 3.147125244140625e-05, "1": 4.2438507080078125e-05, "9": 1190.6544358730316, "6": 4.410743713378906e-05}, "Conductor": {"total": 2686.539218902588, "8": 831.1369965076447, "10": 897.7542235851288, "7": 791.3530550003052, "0": 513.5619370937347, "4": 676.0366749763489, "3": 639.791200876236, "2": 606.9294946193695, "5": 712.9262065887451, "1": 555.6687359809875, "9": 864.573474407196, "6": 756.0569338798523}, "Jadx": {"total": 11636.634637117386, "8": 1041.3022139072418, "10": 1030.8173007965088, "7": 1033.8856348991394, "0": 1017.9850687980652, "4": 1011.9573602676392, "3": 1015.1716747283936, "2": 1017.6749844551086, "5": 1018.1540393829346, "1": 1021.6744072437286, "9": 1025.5255444049835, "6": 1017.3653841018677}, "PhotoView": {"total": 108.67391109466553, "1": 64.79426908493042, "2": 68.04006171226501, "0": 63.5311713218689}, "EventBus": {"total": 354.30656027793884, "8": 192.46907949447632, "10": 211.13072538375854, "7": 185.3223786354065, "0": 117.92332172393799, "4": 167.050288438797, "3": 150.1124074459076, "2": 142.12593293190002, "5": 165.57939887046814, "1": 129.54735231399536, "9": 199.11038637161255, "6": 172.57776761054993}, "Gson": {"total": 485.19562125205994, "8": 366.0658564567566, "10": 411.35101222991943, "7": 344.6890127658844, "0": 174.23733472824097, "5": 297.0321612358093, "4": 273.48898553848267, "3": 240.47966408729553, "2": 232.09829568862915, "1": 200.3757290840149, "9": 388.5201096534729, "6": 317.5318684577942}, "NullAway": {"total": 79.76998448371887}}