{"LottieAndroid": {"total": 3305.0944266319275}, "Zuul": {"total": 1874.3748815059662}, "Jadx": {"total": 11636.634637117386}, "EventBus": {"total": 354.30656027793884}, "Mockito": {"total": 1236.7515897750854}, "MPAndroid": {"total": 447.00187492370605}, "NullAway": {"total": 79.76998448371887}, "LitiEngine": {"total": 10889.917938232422}, "Conductor": {"total": 2686.539218902588}, "LibGdx": {"total": 19.92351722717285}, "SpringBoot": {"total": 22490.501297712326}, "Gson": {"total": 485.19562125205994}, "Retrofit": {"total": 144.8403103351593}, "PhotoView": {"total": 108.67391109466553}}