{"Mockito": {"total": 109.73861885070801}, "PhotoView": {"total": 161.3030767440796}, "Jadx": {"total": 79.46962571144104}, "EventBus": {"total": 78.29446339607239}, "MPAndroid": {"total": 85.42947697639465}, "Zuul": {"total": 62.16723823547363}, "LibGdx": {"total": 62746.84176850319}, "LottieAndroid": {"total": 123.96364426612854}, "NullAway": {"total": 80.1074800491333}, "Conductor": {"total": 82.15478849411011}, "Gson": {"total": 33.27728486061096}, "LitiEngine": {"total": 61.705493211746216}, "SpringBoot": {"total": 22490.501297712326}, "Retrofit": {"total": 82.44941902160645}}