{"NullAway": {"total": 79.76998448371887}, "PhotoView": {"total": 108.67391109466553}, "LibGdx": {"total": 22.143816232681274}, "Retrofit": {"total": 144.8403103351593}, "Gson": {"total": 485.19562125205994}, "Mockito": {"total": 1236.7515897750854}, "Zuul": {"total": 1874.3748815059662}, "Jadx": {"total": 11636.634637117386}, "Conductor": {"total": 2686.539218902588}, "MPAndroid": {"total": 447.00187492370605}, "SpringBoot": {"total": 22490.501297712326}, "LottieAndroid": {"total": 3305.0944266319275}, "LitiEngine": {"total": 10889.917938232422}, "EventBus": {"total": 354.30656027793884}}