{
    "LitiEngine": {
        "total": 14509.471459388733
    },
    "EventBus": {
        "total": 450.53266501426697
    },
    "Gson": {
        "total": 1066.1428847312927
    },
    "NullAway": {
        "total": 649.1463537216187
    },
    "Jadx": {
        "total": 7417.727598667145
    },
    "Conductor": {
        "total": 4331.26168513298
    },
    "Zuul": {
        "total": 1707.304707288742
    },
    "Retrofit": {
        "total": 82.44941902160645
    },
    "LottieAndroid": {
        "total": 3440.8660876750946
    },
    "SpringBoot": {
        "total": 22490.501297712326
    },
    "LibGdx": {
        "total": 66962.28865599632
    }
}