{"SpringBoot": {"total": 22490.501297712326}, "Zuul": {"total": 1874.3748815059662}, "Conductor": {"total": 2686.539218902588}, "EventBus": {"total": 354.30656027793884}, "LitiEngine": {"total": 10889.917938232422}, "Mockito": {"total": 1236.7515897750854}, "Gson": {"total": 485.19562125205994}, "Retrofit": {"total": 144.8403103351593}, "MPAndroid": {"0": 2.2172927856445312e-05, "6": 0.00014781951904296875, "5": 2.8133392333984375e-05, "7": 3.0279159545898438e-05, "0": 5.412101745605469e-05, "9": 7.843971252441406e-05, "2": 8.606910705566406e-05, "1": 4.2438507080078125e-05, "8": 2.8848648071289062e-05, "4": 2.9087066650390625e-05, "3": 3.910064697265625e-05, "10": 7.62939453125e-05, "total": 447.00187492370605}, "LibGdx": {"total": 7820.878571033478}, "Jadx": {"total": 11636.634637117386}, "PhotoView": {"total": 108.67391109466553}, "NullAway": {"total": 79.76998448371887}, "LottieAndroid": {"total": 3305.0944266319275}}