{"Mockito": {"total": 109.73861885070801}, "PhotoView": {"total": 161.3030767440796}, "LibGdx": {"total": 62746.84176850319}, "Retrofit": {"total": 82.44941902160645}, "SpringBoot": {"total": 22490.501297712326}, "LitiEngine": {"total": 61.705493211746216}, "EventBus": {"total": 78.29446339607239}, "MPAndroid": {"total": 85.42947697639465}, "LottieAndroid": {"total": 3440.8660876750946}, "NullAway": {"total": 80.1074800491333}, "Conductor": {"total": 82.15478849411011}, "Gson": {"total": 33.27728486061096}, "Jadx": {"total": 7417.727598667145}, "Zuul": {"total": 1707.304707288742}}