{"Retrofit": {"total": 144.8403103351593}, "PhotoView": {"total": 108.67391109466553}, "Jadx": {"total": 11636.634637117386}, "EventBus": {"total": 354.30656027793884}, "NullAway": {"total": 79.76998448371887}, "Zuul": {"total": 1874.3748815059662}, "LottieAndroid": {"total": 3305.0944266319275}, "Gson": {"total": 485.19562125205994}, "MPAndroid": {"2": 528.8060176372528, "1": 4.2438507080078125e-05, "total": 447.00187492370605, "7": 3.24249267578125e-05, "8": 1111.5568525791168, "5": 3.147125244140625e-05, "4": 707.2979099750519, "6": 4.410743713378906e-05, "10": 1288.6735682487488, "9": 1190.6544358730316, "0": 5.412101745605469e-05, "3": 3.24249267578125e-05}, "LibGdx": {"total": 7820.878571033478}, "Mockito": {"5": 1117.0695514678955, "2": 864.232664346695, "1": 727.5289678573608, "4": 1037.8935067653656, "total": 1236.7515897750854, "6": 1175.2592730522156, "7": 1240.5156953334808, "9": 1389.8795292377472, "3": 953.7031013965607, "8": 1312.5366563796997, "0": 619.9464120864868}, "LitiEngine": {"total": 10889.917938232422}, "Conductor": {"total": 2686.539218902588}, "SpringBoot": {"total": 22490.501297712326}}