{"Retrofit": {"total": 144.8403103351593}, "Mockito": {"2": 864.232664346695, "1": 727.5289678573608, "total": 1236.7515897750854, "7": 1240.5156953334808, "8": 1312.5366563796997, "5": 1117.0695514678955, "4": 1037.8935067653656, "6": 1175.2592730522156, "10": 1455.0234246253967, "9": 1389.8795292377472, "0": 619.9464120864868, "3": 953.7031013965607}, "PhotoView": {"total": 108.67391109466553}, "Jadx": {"total": 11636.634637117386}, "EventBus": {"5": 165.57939887046814, "2": 142.12593293190002, "1": 129.54735231399536, "4": 167.050288438797, "total": 354.30656027793884, "6": 172.57776761054993, "7": 185.3223786354065, "0": 117.92332172393799, "3": 150.1124074459076}, "NullAway": {"total": 79.76998448371887}, "LottieAndroid": {"total": 3305.0944266319275}, "Gson": {"total": 485.19562125205994}, "MPAndroid": {"2": 528.8060176372528, "1": 4.2438507080078125e-05, "total": 447.00187492370605, "6": 4.410743713378906e-05, "5": 3.147125244140625e-05, "0": 5.412101745605469e-05, "7": 3.24249267578125e-05, "4": 707.2979099750519, "10": 1288.6735682487488, "9": 1190.6544358730316, "8": 1111.5568525791168, "3": 3.24249267578125e-05}, "LibGdx": {"total": 7820.878571033478}, "Zuul": {"total": 1874.3748815059662}, "LitiEngine": {"2": 999.6517720222473, "1": 854.5983016490936, "total": 10889.917938232422, "7": 1683.4813363552094, "8": 1796.7688620090485, "5": 1379.9615116119385, "4": 1260.6454875469208, "6": 1533.1448464393616, "10": 2065.3033118247986, "9": 1913.4285645484924, "0": 722.4342465400696, "3": 1131.608847618103}, "Conductor": {"2": 606.9294946193695, "1": 555.6687359809875, "total": 2686.539218902588, "6": 756.0569338798523, "5": 712.9262065887451, "0": 513.5619370937347, "7": 791.3530550003052, "4": 676.0366749763489, "10": 897.7542235851288, "9": 864.573474407196, "8": 831.1369965076447, "3": 639.791200876236}, "SpringBoot": {"total": 22490.501297712326}}